timestamp,step,true,xLSTM,LSTM,mse_xLSTM,mae_xLSTM,rmse_xLSTM,mse_LSTM,mae_LSTM,rmse_LSTM
2025-09-20 02:41:27,0,183.35408594986012,183.5476409553268,179.57073495698123,7.365438607139902,2.399417789438945,2.7139341567436563,45.16870680423288,6.54883915008399,6.720766831562666
2025-09-20 02:41:27,1,185.93929967398586,183.9172963173524,179.6687853824054,7.365438607139902,2.399417789438945,2.7139341567436563,45.16870680423288,6.54883915008399,6.720766831562666
2025-09-20 02:41:27,2,186.49744471096687,183.7399806144424,179.5463239763332,7.365438607139902,2.399417789438945,2.7139341567436563,45.16870680423288,6.54883915008399,6.720766831562666
2025-09-20 02:41:27,3,188.16220422207815,184.18710043253404,180.1681026614189,7.365438607139902,2.399417789438945,2.7139341567436563,45.16870680423288,6.54883915008399,6.720766831562666
2025-09-20 02:41:27,4,188.14259774418568,185.0936350451597,180.397489573518,7.365438607139902,2.399417789438945,2.7139341567436563,45.16870680423288,6.54883915008399,6.720766831562666
2025-09-20 18:29:25,0,116.99518103760565,113.71159275921397,113.07803094676923,61.28620654929689,6.339355952249394,7.828550731093009,65.38699032279153,6.665289439548832,8.08622225286886
2025-09-20 18:29:25,1,117.30444381290802,114.41353133524636,113.1739656953337,61.28620654929689,6.339355952249394,7.828550731093009,65.38699032279153,6.665289439548832,8.08622225286886
2025-09-20 18:29:25,2,116.5861607353049,113.71848225545817,114.4213467933779,61.28620654929689,6.339355952249394,7.828550731093009,65.38699032279153,6.665289439548832,8.08622225286886
2025-09-20 18:29:25,3,122.92097182874956,114.94424341769286,114.73405856433395,61.28620654929689,6.339355952249394,7.828550731093009,65.38699032279153,6.665289439548832,8.08622225286886
2025-09-20 18:29:25,4,129.83438167582267,115.15650956153246,114.90728989283186,61.28620654929689,6.339355952249394,7.828550731093009,65.38699032279153,6.665289439548832,8.08622225286886
2025-09-20 18:31:50,0,133.45341188612403,137.14371850063935,138.8942028187206,44.13848694110896,4.858010877923522,6.643680225681317,23.409816538375704,4.2927595375601015,4.838369202363096
2025-09-20 18:31:50,1,137.58312566728944,136.93013561066513,140.30705932759275,44.13848694110896,4.858010877923522,6.643680225681317,23.409816538375704,4.2927595375601015,4.838369202363096
2025-09-20 18:31:50,2,140.69537718152688,141.05861760760308,140.00494937945206,44.13848694110896,4.858010877923522,6.643680225681317,23.409816538375704,4.2927595375601015,4.838369202363096
2025-09-20 18:31:50,3,146.9198887050654,139.84462204342137,140.79078524123975,44.13848694110896,4.858010877923522,6.643680225681317,23.409816538375704,4.2927595375601015,4.838369202363096
2025-09-20 18:31:50,4,147.0695037658492,134.56125313509145,140.58996193684905,44.13848694110896,4.858010877923522,6.643680225681317,23.409816538375704,4.2927595375601015,4.838369202363096
2025-09-20 18:40:09,0,134.27372330072959,127.8658886441343,134.00852441817528,20.699687124899317,4.228201926445851,4.549690882345669,3.5757141330114086,1.6315516415119475,1.8909558781239209
2025-09-20 18:40:09,1,131.6999060466282,129.2464468477523,133.83070575555672,20.699687124899317,4.228201926445851,4.549690882345669,3.5757141330114086,1.6315516415119475,1.8909558781239209
2025-09-20 18:40:09,2,132.7274518995337,128.768370176809,134.77669900187237,20.699687124899317,4.228201926445851,4.549690882345669,3.5757141330114086,1.6315516415119475,1.8909558781239209
2025-09-20 18:40:09,3,131.1911282173291,128.7812147123469,134.09073114463047,20.699687124899317,4.228201926445851,4.549690882345669,3.5757141330114086,1.6315516415119475,1.8909558781239209
2025-09-20 18:40:09,4,135.39104498138937,129.4803244323382,134.5781353949525,20.699687124899317,4.228201926445851,4.549690882345669,3.5757141330114086,1.6315516415119475,1.8909558781239209
2025-09-20 18:44:37,0,420.5179383484683,422.0469667069192,413.7038501927491,44.311819355106515,5.3838516031257315,6.6567123533397865,80.98157974462853,7.980609390843893,8.998976594292738
2025-09-20 18:44:37,1,411.6234377942419,413.97776329667613,413.98883654970996,44.311819355106515,5.3838516031257315,6.6567123533397865,80.98157974462853,7.980609390843893,8.998976594292738
2025-09-20 18:44:37,2,408.91340902287266,412.5526716093009,415.52310171735735,44.311819355106515,5.3838516031257315,6.6567123533397865,80.98157974462853,7.980609390843893,8.998976594292738
2025-09-20 18:44:37,3,403.15579715299464,410.3722601405261,412.17516162726133,44.311819355106515,5.3838516031257315,6.6567123533397865,80.98157974462853,7.980609390843893,8.998976594292738
2025-09-20 18:44:37,4,393.7947608603881,405.97493944117195,408.88926373466893,44.311819355106515,5.3838516031257315,6.6567123533397865,80.98157974462853,7.980609390843893,8.998976594292738
2025-09-20 18:50:21,0,136.11679521953334,136.88645643928805,139.87292988273398,26.685188648162136,3.744294244131362,5.165770866788629,22.756494026609644,4.152825230792575,4.770376717473122
2025-09-20 18:50:21,1,133.45341451425733,136.11222487553906,141.13813362334332,26.685188648162136,3.744294244131362,5.165770866788629,22.756494026609644,4.152825230792575,4.770376717473122
2025-09-20 18:50:21,2,137.58312807614485,137.28981902950662,140.5273640654278,26.685188648162136,3.744294244131362,5.165770866788629,22.756494026609644,4.152825230792575,4.770376717473122
2025-09-20 18:50:21,3,140.6953794251292,135.7629163723758,141.47611820727903,26.685188648162136,3.744294244131362,5.165770866788629,22.756494026609644,4.152825230792575,4.770376717473122
2025-09-20 18:50:21,4,146.91989061816113,136.8526630779324,141.32159300791767,26.685188648162136,3.744294244131362,5.165770866788629,22.756494026609644,4.152825230792575,4.770376717473122
2025-09-20 18:53:11,0,174.45037305150666,152.49697432297125,179.90534432120697,207.35410212540486,12.932446971404897,14.399795211231472,53.389131663790316,6.764492874272446,7.306786685252986
2025-09-20 18:53:11,1,177.03135295273822,164.66276666933072,179.91644755597284,207.35410212540486,12.932446971404897,14.399795211231472,53.389131663790316,6.764492874272446,7.306786685252986
2025-09-20 18:53:11,2,176.32655238982787,159.86031406805535,182.15582559623934,207.35410212540486,12.932446971404897,14.399795211231472,53.389131663790316,6.764492874272446,7.306786685252986
2025-09-20 18:53:11,3,174.5496325723839,171.76327530819347,183.43755713338263,207.35410212540486,12.932446971404897,14.399795211231472,53.389131663790316,6.764492874272446,7.306786685252986
2025-09-20 18:53:11,4,173.04075693481994,161.9531026757013,183.80595766583704,207.35410212540486,12.932446971404897,14.399795211231472,53.389131663790316,6.764492874272446,7.306786685252986
2025-09-20 19:03:37,0,265.21809516208566,263.78395999130004,255.29841234462089,134.13641431107752,9.220248975821926,11.581727604769398,30.049108353778415,4.5081112091934985,5.481706700816673
2025-09-20 19:03:37,1,258.91045248011693,259.9212443593616,255.70496424214485,134.13641431107752,9.220248975821926,11.581727604769398,30.049108353778415,4.5081112091934985,5.481706700816673
2025-09-20 19:03:37,2,252.00771612210895,268.2242272965878,256.33124987859316,134.13641431107752,9.220248975821926,11.581727604769398,30.049108353778415,4.5081112091934985,5.481706700816673
2025-09-20 19:03:37,3,257.17485062601963,267.1426279991953,257.4943597178032,134.13641431107752,9.220248975821926,11.581727604769398,30.049108353778415,4.5081112091934985,5.481706700816673
2025-09-20 19:03:37,4,251.75979285746735,269.23182213889214,256.5321349997302,134.13641431107752,9.220248975821926,11.581727604769398,30.049108353778415,4.5081112091934985,5.481706700816673
2025-09-20 19:25:15,0,200.82300532469358,197.9553283909398,195.9508866415213,6.061189711482316,2.1742187670549127,2.4619483567862095,21.699121767502362,4.477249754152917,4.658231613767435
2025-09-20 19:25:15,1,202.38629097162033,199.77155388412493,196.9544903180231,6.061189711482316,2.1742187670549127,2.4619483567862095,21.699121767502362,4.477249754152917,4.658231613767435
2025-09-20 19:25:15,2,201.9382208601658,200.70783768968516,197.64511515206945,6.061189711482316,2.1742187670549127,2.4619483567862095,21.699121767502362,4.477249754152917,4.658231613767435
2025-09-20 19:25:15,3,199.7576129844204,199.27313849924354,197.6639522989374,6.061189711482316,2.1742187670549127,2.4619483567862095,21.699121767502362,4.477249754152917,4.658231613767435
2025-09-20 19:25:15,4,203.033498651425,199.35967649305712,197.3379356110093,6.061189711482316,2.1742187670549127,2.4619483567862095,21.699121767502362,4.477249754152917,4.658231613767435
2025-09-20 19:45:01,0,336.22890045994075,321.5938939590357,320.2548358868231,195.01090176448008,13.75061156212006,13.964630384098252,130.12832554674307,10.564283305532934,11.407380310428117
2025-09-20 19:45:01,1,338.02402280177046,321.3798036853191,324.18833113658815,195.01090176448008,13.75061156212006,13.964630384098252,130.12832554674307,10.564283305532934,11.407380310428117
2025-09-20 19:45:01,2,336.5760430710172,324.3469041688281,324.64506261391455,195.01090176448008,13.75061156212006,13.964630384098252,130.12832554674307,10.564283305532934,11.407380310428117
2025-09-20 19:45:01,3,332.80729252480296,317.38834476580996,326.87612179279796,195.01090176448008,13.75061156212006,13.964630384098252,130.12832554674307,10.564283305532934,11.407380310428117
2025-09-20 19:45:01,4,327.8286163984439,318.0028708663821,322.6791072981868,195.01090176448008,13.75061156212006,13.964630384098252,130.12832554674307,10.564283305532934,11.407380310428117
2025-09-20 19:54:42,0,5.976659591153868,4.675879654278124,6.932870867433843,3.7046020985881767,1.8688019986416038,1.9247342929838853,1.7206866523081559,1.281610968173968,1.3117494624767931
2025-09-20 19:54:42,1,5.757209769978694,4.137570662690419,6.984567072035397,3.7046020985881767,1.8688019986416038,1.9247342929838853,1.7206866523081559,1.281610968173968,1.3117494624767931
2025-09-20 19:54:42,2,6.041653725914025,3.509346572445614,7.054922913753888,3.7046020985881767,1.8688019986416038,1.9247342929838853,1.7206866523081559,1.281610968173968,1.3117494624767931
2025-09-20 19:54:42,3,5.573099923535476,3.962216821407328,7.17594148443287,3.7046020985881767,1.8688019986416038,1.9247342929838853,1.7206866523081559,1.281610968173968,1.3117494624767931
2025-09-20 19:54:42,4,5.470046910178989,3.189646216731548,7.078422423974893,3.7046020985881767,1.8688019986416038,1.9247342929838853,1.7206866523081559,1.281610968173968,1.3117494624767931
2025-09-20 20:13:33,0,173.54050156423457,165.91033391705872,165.94689490148477,162.44095283043976,11.908798657962228,12.745232553015255,90.18672030515647,9.341743552169271,9.49666890573513
2025-09-20 20:13:33,1,173.30077326581684,165.88291589662384,165.80738044619503,162.44095283043976,11.908798657962228,12.745232553015255,90.18672030515647,9.341743552169271,9.49666890573513
2025-09-20 20:13:33,2,176.54704731653675,165.53820114961786,165.56392321002585,162.44095283043976,11.908798657962228,12.745232553015255,90.18672030515647,9.341743552169271,9.49666890573513
2025-09-20 20:13:33,3,175.30845291996832,161.48656351689337,166.31486386962882,162.44095283043976,11.908798657962228,12.745232553015255,90.18672030515647,9.341743552169271,9.49666890573513
2025-09-20 20:13:33,4,179.06416727107612,159.39893456762766,167.41916214945178,162.44095283043976,11.908798657962228,12.745232553015255,90.18672030515647,9.341743552169271,9.49666890573513
2025-09-20 20:23:00,0,6.556518640397869,6.410881470536519,6.753260874931451,0.4412435138884293,0.6129721367162452,0.6642616306007967,0.05266986980586178,0.2254111613642566,0.2294991716888359
2025-09-20 20:23:00,1,6.500882182531652,5.667164269358712,6.724680279352121,0.4412435138884293,0.6129721367162452,0.6642616306007967,0.05266986980586178,0.2254111613642566,0.2294991716888359
2025-09-20 20:23:00,2,6.485549236240537,5.629016719787585,6.659572672928258,0.4412435138884293,0.6129721367162452,0.6642616306007967,0.05266986980586178,0.2254111613642566,0.2294991716888359
2025-09-20 20:23:00,3,6.4445003447983185,7.0356796669712605,6.746089056793424,0.4412435138884293,0.6129721367162452,0.6642616306007967,0.05266986980586178,0.2254111613642566,0.2294991716888359
2025-09-20 20:23:00,4,6.492967702411165,5.855173940490123,6.72387102919557,0.4412435138884293,0.6129721367162452,0.6642616306007967,0.05266986980586178,0.2254111613642566,0.2294991716888359
2025-09-20 20:38:59,0,5.7572094867151,5.540052201317843,6.226960856871204,1.1296411616545696,0.9798280629116819,1.062845784511831,0.4066699542181359,0.5992455282043923,0.6377067932977787
2025-09-20 20:38:59,1,6.041653442559777,7.47947829627554,6.289703224172522,1.1296411616545696,0.9798280629116819,1.062845784511831,0.4066699542181359,0.5992455282043923,0.6377067932977787
2025-09-20 20:38:59,2,5.573098960859394,6.7675617045241605,6.3629733176918,1.1296411616545696,0.9798280629116819,1.062845784511831,0.4066699542181359,0.5992455282043923,0.6377067932977787
2025-09-20 20:38:59,3,5.470048325684825,6.438587586727536,6.312710117791999,1.1296411616545696,0.9798280629116819,1.062845784511831,0.4066699542181359,0.5992455282043923,0.6377067932977787
2025-09-20 20:38:59,4,5.723106489248814,6.804262659986726,6.368996829562346,1.1296411616545696,0.9798280629116819,1.062845784511831,0.4066699542181359,0.5992455282043923,0.6377067932977787
2025-09-20 20:46:09,0,158.25289090505905,150.46370975941687,150.2487123080087,85.21090938137893,8.613268902619449,9.23097553790383,61.27485795034702,7.267853598376445,7.827825876343125
2025-09-20 20:46:09,1,153.2393032930259,147.61351548251227,150.8593744922998,85.21090938137893,8.613268902619449,9.23097553790383,61.27485795034702,7.267853598376445,7.827825876343125
2025-09-20 20:46:09,2,156.59145460454326,151.8147070674518,150.76899852089667,85.21090938137893,8.613268902619449,9.23097553790383,61.27485795034702,7.267853598376445,7.827825876343125
2025-09-20 20:46:09,3,161.53663586070408,148.2210169770931,151.27095555550943,85.21090938137893,8.613268902619449,9.23097553790383,61.27485795034702,7.267853598376445,7.827825876343125
2025-09-20 20:46:09,4,161.01867783443305,149.45966869819406,151.15165362916852,85.21090938137893,8.613268902619449,9.23097553790383,61.27485795034702,7.267853598376445,7.827825876343125
2025-09-20 20:54:44,0,52.356677174281906,55.417844983237295,54.44060803549419,5.826411944116442,2.0754480619670916,2.4137961687177403,5.955641089247942,2.2668108219427823,2.440418220151608
2025-09-20 20:54:44,1,53.16864504980984,53.632990653002516,54.38294579293756,5.826411944116442,2.0754480619670916,2.4137961687177403,5.955641089247942,2.2668108219427823,2.440418220151608
2025-09-20 20:54:44,2,53.03158299846406,53.762598263654894,54.43949061433762,5.826411944116442,2.0754480619670916,2.4137961687177403,5.955641089247942,2.2668108219427823,2.440418220151608
2025-09-20 20:54:44,3,51.017695406223226,54.452053739015,54.41555628088322,5.826411944116442,2.0754480619670916,2.4137961687177403,5.955641089247942,2.2668108219427823,2.440418220151608
2025-09-20 20:54:44,4,51.16707888818881,53.853432187893596,54.39713290302915,5.826411944116442,2.0754480619670916,2.4137961687177403,5.955641089247942,2.2668108219427823,2.440418220151608
2025-09-20 21:02:28,0,127.70516641105024,130.2281952266263,125.90670405868559,18.27449256051066,4.0449970735479726,4.274867548885071,7.72744921227018,2.602141701432623,2.7798289897528194
2025-09-20 21:02:28,1,128.52015551771922,131.59462545438114,126.4013193050143,18.27449256051066,4.0449970735479726,4.274867548885071,7.72744921227018,2.602141701432623,2.7798289897528194
2025-09-20 21:02:28,2,128.6478155419265,134.9911779530217,126.71715971821492,18.27449256051066,4.0449970735479726,4.274867548885071,7.72744921227018,2.602141701432623,2.7798289897528194
2025-09-20 21:02:28,3,129.04057061941646,132.47452982959973,126.33479539393124,18.27449256051066,4.0449970735479726,4.274867548885071,7.72744921227018,2.602141701432623,2.7798289897528194
2025-09-20 21:02:28,4,131.3087950758112,136.1589600700346,126.85181618291443,18.27449256051066,4.0449970735479726,4.274867548885071,7.72744921227018,2.602141701432623,2.7798289897528194
2025-09-20 21:09:30,0,280.145821242764,266.57166492227066,264.7300386657176,161.56793966969448,12.350014794193658,12.710937796625963,222.56358292244667,14.646097177057651,14.918565042337239
2025-09-20 21:09:30,1,283.4384122342518,265.86055258122104,263.5776656848545,161.56793966969448,12.350014794193658,12.710937796625963,222.56358292244667,14.646097177057651,14.918565042337239
2025-09-20 21:09:30,2,276.0989077718712,265.6741347773438,263.5272512911552,161.56793966969448,12.350014794193658,12.710937796625963,222.56358292244667,14.646097177057651,14.918565042337239
2025-09-20 21:09:30,3,277.6788717798441,266.4867378352359,264.46562094340544,161.56793966969448,12.350014794193658,12.710937796625963,222.56358292244667,14.646097177057651,14.918565042337239
2025-09-20 21:09:30,4,276.1599900052143,267.1788389469057,263.9909405635244,161.56793966969448,12.350014794193658,12.710937796625963,222.56358292244667,14.646097177057651,14.918565042337239
2025-09-20 21:14:45,0,271.37380701508044,280.7896302756051,285.43739099141476,59.165618039033724,7.330865567504361,7.691919008871175,55.81854243608733,5.688387699233772,7.4711807926249065
2025-09-20 21:14:45,1,284.4971432998557,279.6471862279781,285.01705039767353,59.165618039033724,7.330865567504361,7.691919008871175,55.81854243608733,5.688387699233772,7.4711807926249065
2025-09-20 21:14:45,2,290.9679654738128,280.45563299067123,285.2657511459517,59.165618039033724,7.330865567504361,7.691919008871175,55.81854243608733,5.688387699233772,7.4711807926249065
2025-09-20 21:14:45,3,278.74299060082035,285.82497377429087,285.5834157065773,59.165618039033724,7.330865567504361,7.691919008871175,55.81854243608733,5.688387699233772,7.4711807926249065
2025-09-20 21:14:45,4,285.758950160193,280.9647183116855,287.0747581485917,59.165618039033724,7.330865567504361,7.691919008871175,55.81854243608733,5.688387699233772,7.4711807926249065
2025-09-20 21:16:49,0,22.359014969398476,20.247824571163807,21.230339622698875,2.058361846106307,1.3508521211633677,1.4346992179918086,0.8216391134234018,0.717135863468495,0.906443110969134
2025-09-20 21:16:49,1,22.482743979849367,20.861042479225006,20.894190036714797,2.058361846106307,1.3508521211633677,1.4346992179918086,0.8216391134234018,0.717135863468495,0.906443110969134
2025-09-20 21:16:49,2,21.004658111573253,22.018809135491594,20.78581206607088,2.058361846106307,1.3508521211633677,1.4346992179918086,0.8216391134234018,0.717135863468495,0.906443110969134
2025-09-20 21:16:49,3,21.1553936187099,19.867351249860683,20.991678002472376,2.058361846106307,1.3508521211633677,1.4346992179918086,0.8216391134234018,0.717135863468495,0.906443110969134
2025-09-20 21:16:49,4,21.886561298891714,21.167385984701465,21.40067293312331,2.058361846106307,1.3508521211633677,1.4346992179918086,0.8216391134234018,0.717135863468495,0.906443110969134
2025-09-20 21:18:01,0,112.4472514981832,109.5198600564456,115.9289771449477,14.85670820398206,3.506326819865947,3.8544400636126204,12.095798566179928,3.3620441497014752,3.4779014601020437
2025-09-20 21:18:01,1,113.9308073573602,108.11416440557025,115.98226440059305,14.85670820398206,3.506326819865947,3.8544400636126204,12.095798566179928,3.3620441497014752,3.4779014601020437
2025-09-20 21:18:01,2,113.31022565723072,110.70064581420314,116.01195230894149,14.85670820398206,3.506326819865947,3.8544400636126204,12.095798566179928,3.3620441497014752,3.4779014601020437
2025-09-20 21:18:01,3,112.22424648511628,107.40510455463333,116.31091265025918,14.85670820398206,3.506326819865947,3.8544400636126204,12.095798566179928,3.3620441497014752,3.4779014601020437
2025-09-20 21:18:01,4,111.5357805040627,110.17690257177105,116.02442574571906,14.85670820398206,3.506326819865947,3.8544400636126204,12.095798566179928,3.3620441497014752,3.4779014601020437
2025-09-20 21:20:13,0,163.87417456187566,162.65846602266294,165.15098036396344,5.781853372783006,2.070708997771072,2.404548475864649,3.534668802234408,1.690362309617973,1.8800714885967522
2025-09-20 21:20:13,1,165.01617129941184,162.04136955740228,165.68911602482484,5.781853372783006,2.070708997771072,2.404548475864649,3.534668802234408,1.690362309617973,1.8800714885967522
2025-09-20 21:20:13,2,164.05135662421338,161.6187119564415,165.2696755545651,5.781853372783006,2.070708997771072,2.404548475864649,3.534668802234408,1.690362309617973,1.8800714885967522
2025-09-20 21:20:13,3,162.44665747462187,162.27057600962925,165.35962822219295,5.781853372783006,2.070708997771072,2.404548475864649,3.534668802234408,1.690362309617973,1.8800714885967522
2025-09-20 21:20:13,4,162.75188980499456,159.197581230126,165.12266114766084,5.781853372783006,2.070708997771072,2.404548475864649,3.534668802234408,1.690362309617973,1.8800714885967522
2025-09-20 21:21:57,0,109.38316140464693,110.08569527200393,124.42149082980808,4.859511175849564,2.0748531867031943,2.204429898148173,200.4358676309762,14.01289017132257,14.157537484710263
2025-09-20 21:21:57,1,113.74657838578224,110.98556765593932,124.50999014524047,4.859511175849564,2.0748531867031943,2.204429898148173,200.4358676309762,14.01289017132257,14.157537484710263
2025-09-20 21:21:57,2,110.03282426834878,112.74321457502305,124.90745394733824,4.859511175849564,2.0748531867031943,2.204429898148173,200.4358676309762,14.01289017132257,14.157537484710263
2025-09-20 21:21:57,3,108.58806447778154,110.76951898434446,125.16528298771425,4.859511175849564,2.0748531867031943,2.204429898148173,200.4358676309762,14.01289017132257,14.157537484710263
2025-09-20 21:21:57,4,111.8460584089162,109.82718188583735,124.65691989198751,4.859511175849564,2.0748531867031943,2.204429898148173,200.4358676309762,14.01289017132257,14.157537484710263
2025-09-20 21:23:53,0,138.6845590528186,136.2603874997529,139.67763690252949,9.818215783325972,2.9731163718092093,3.1334032270561623,6.558253835233293,1.7822877533668304,2.560908790885238
2025-09-20 21:23:53,1,139.60398312100804,137.15099368992554,139.75572063818544,9.818215783325972,2.9731163718092093,3.1334032270561623,6.558253835233293,1.7822877533668304,2.560908790885238
2025-09-20 21:23:53,2,140.5889758077919,135.77560881188228,139.1990561773941,9.818215783325972,2.9731163718092093,3.1334032270561623,6.558253835233293,1.7822877533668304,2.560908790885238
2025-09-20 21:23:53,3,139.46199282727756,136.30956727457624,138.45526754039,9.818215783325972,2.9731163718092093,3.1334032270561623,6.558253835233293,1.7822877533668304,2.560908790885238
2025-09-20 21:23:53,4,134.29342826824717,136.31605659453407,139.66340675090768,9.818215783325972,2.9731163718092093,3.1334032270561623,6.558253835233293,1.7822877533668304,2.560908790885238
2025-09-20 21:26:12,0,50.091415756841315,48.95668929320276,50.68282104419158,6.819123088692431,2.2165554665310423,2.6113450726957614,0.4128467913177233,0.6243082099178878,0.6425315488890202
2025-09-20 21:26:12,1,49.361728524242395,49.05826878569343,50.0179949773249,6.819123088692431,2.2165554665310423,2.6113450726957614,0.4128467913177233,0.6243082099178878,0.6425315488890202
2025-09-20 21:26:12,2,50.199429510837156,46.9882426895202,50.57888161697121,6.819123088692431,2.2165554665310423,2.6113450726957614,0.4128467913177233,0.6243082099178878,0.6425315488890202
2025-09-20 21:26:12,3,51.1811623583897,48.88908368917499,50.541570660863634,6.819123088692431,2.2165554665310423,2.6113450726957614,0.4128467913177233,0.6243082099178878,0.6425315488890202
2025-09-20 21:26:12,4,51.17635077248342,47.035025132547396,50.32152526698687,6.819123088692431,2.2165554665310423,2.6113450726957614,0.4128467913177233,0.6243082099178878,0.6425315488890202
2025-09-20 21:30:18,0,52.991009550890304,53.624738430619836,54.38455978300986,0.83160158396832,0.7600125459001248,0.9119219176926937,0.5749497905494373,0.586909046112693,0.7582544365511074
2025-09-20 21:30:18,1,54.476780667406665,54.2447380642004,54.75620892413785,0.83160158396832,0.7600125459001248,0.9119219176926937,0.5749497905494373,0.586909046112693,0.7582544365511074
2025-09-20 21:30:18,2,54.48879199400923,56.21188293681481,54.87600471016529,0.83160158396832,0.7600125459001248,0.9119219176926937,0.5749497905494373,0.586909046112693,0.7582544365511074
2025-09-20 21:30:18,3,53.85030444186066,54.45768953684187,54.68904426671847,0.83160158396832,0.7600125459001248,0.9119219176926937,0.5749497905494373,0.586909046112693,0.7582544365511074
2025-09-20 21:30:18,4,54.48158872560323,55.08540393438127,54.51720292630208,0.83160158396832,0.7600125459001248,0.9119219176926937,0.5749497905494373,0.586909046112693,0.7582544365511074
2025-09-20 21:40:51,0,130.2804583646867,127.98277091880135,133.060997620176,32.68462477314099,5.4221422063829126,5.71704685770031,3.3624305872582787,1.6192806533917632,1.8336931551539037
2025-09-20 21:40:51,1,131.1060968615091,123.33864520873196,132.73688581226827,32.68462477314099,5.4221422063829126,5.71704685770031,3.3624305872582787,1.6192806533917632,1.8336931551539037
2025-09-20 21:40:51,2,130.08620293327763,123.99908122201128,132.42943112187183,32.68462477314099,5.4221422063829126,5.71704685770031,3.3624305872582787,1.6192806533917632,1.8336931551539037
2025-09-20 21:40:51,3,133.437246699752,128.55534257736403,132.64326448682343,32.68462477314099,5.4221422063829126,5.71704685770031,3.3624305872582787,1.6192806533917632,1.8336931551539037
2025-09-20 21:40:51,4,133.02382423933435,126.94727813973657,132.4759595801468,32.68462477314099,5.4221422063829126,5.71704685770031,3.3624305872582787,1.6192806533917632,1.8336931551539037
2025-09-20 21:47:22,0,85.55734660146311,90.51281436819269,86.2740330162324,11.467367441448042,3.2770384721724555,3.3863501652144663,3.1079619429965506,1.631545258678375,1.7629412761055174
2025-09-20 21:47:22,1,87.52945477631391,90.12119925645253,86.54074443952679,11.467367441448042,3.2770384721724555,3.3863501652144663,3.1079619429965506,1.631545258678375,1.7629412761055174
2025-09-20 21:47:22,2,88.26020202767789,91.28426961110277,86.01122306942413,11.467367441448042,3.2770384721724555,3.3863501652144663,3.1079619429965506,1.631545258678375,1.7629412761055174
2025-09-20 21:47:22,3,88.09325693167177,91.09311842861578,85.71172654444608,11.467367441448042,3.2770384721724555,3.3863501652144663,3.1079619429965506,1.631545258678375,1.7629412761055174
2025-09-20 21:47:22,4,88.09325693167177,90.90730796529697,86.27143673531576,11.467367441448042,3.2770384721724555,3.3863501652144663,3.1079619429965506,1.631545258678375,1.7629412761055174
2025-09-20 21:53:19,0,24.815209803067724,30.718352734257056,25.19817358471545,45.841478218223,6.735693320441132,6.770633516756242,0.6889899517511078,0.7791262653031552,0.8300541860331214
2025-09-20 21:53:19,1,24.89300078184341,31.71837858749842,25.44391457189688,45.841478218223,6.735693320441132,6.770633516756242,0.6889899517511078,0.7791262653031552,0.8300541860331214
2025-09-20 21:53:19,2,24.7053828872275,31.42575550459381,25.52251203807007,45.841478218223,6.735693320441132,6.770633516756242,0.6889899517511078,0.7791262653031552,0.8300541860331214
2025-09-20 21:53:19,3,24.60012944721392,30.887049261615225,25.55544794275534,45.841478218223,6.735693320441132,6.770633516756242,0.6889899517511078,0.7791262653031552,0.8300541860331214
2025-09-20 21:53:19,4,24.455978092618032,32.39863152621173,25.64528420104862,45.841478218223,6.735693320441132,6.770633516756242,0.6889899517511078,0.7791262653031552,0.8300541860331214
2025-09-20 22:01:59,0,63.21833843676163,60.325421889087146,62.13966486696189,9.541848478100013,3.002421748690159,3.0889882612434794,1.2506889256796792,1.0017284118992122,1.1183420432406532
2025-09-20 22:01:59,1,63.96947141986469,60.62058304351216,62.57345542642495,9.541848478100013,3.002421748690159,3.0889882612434794,1.2506889256796792,1.0017284118992122,1.1183420432406532
2025-09-20 22:01:59,2,64.29207342880994,61.53591315418351,62.67466804988488,9.541848478100013,3.002421748690159,3.0889882612434794,1.2506889256796792,1.0017284118992122,1.1183420432406532
2025-09-20 22:01:59,3,64.09708779651706,59.98461063846128,63.409665993962925,9.541848478100013,3.002421748690159,3.0889882612434794,1.2506889256796792,1.0017284118992122,1.1183420432406532
2025-09-20 22:01:59,4,63.35074876138842,61.44908237464684,63.12162344661103,9.541848478100013,3.002421748690159,3.0889882612434794,1.2506889256796792,1.0017284118992122,1.1183420432406532
2025-09-20 22:06:25,0,32.27355682866105,34.80776948213847,32.780331630290235,7.30024578396565,2.511053369489882,2.701896701201889,0.6874288682140106,0.7979106624312309,0.8291133023984181
2025-09-20 22:06:25,1,32.17191913475895,33.96223558531691,32.82445958627699,7.30024578396565,2.511053369489882,2.701896701201889,0.6874288682140106,0.7979106624312309,0.8291133023984181
2025-09-20 22:06:25,2,32.21351254209256,33.26965296901254,32.919693003102154,7.30024578396565,2.511053369489882,2.701896701201889,0.6874288682140106,0.7979106624312309,0.8291133023984181
2025-09-20 22:06:25,3,32.09339398473352,35.5784521780261,33.15283267608034,7.30024578396565,2.511053369489882,2.701896701201889,0.6874288682140106,0.7979106624312309,0.8291133023984181
2025-09-20 22:06:25,4,32.01947846790571,35.70901759110718,33.084097374558226,7.30024578396565,2.511053369489882,2.701896701201889,0.6874288682140106,0.7979106624312309,0.8291133023984181
2025-09-20 22:08:25,0,142.81795535198987,133.87764085023562,145.5495815216232,67.39639481015101,8.133864496336894,8.20953073020322,10.6439453460138,3.191215866633178,3.262505991720751
2025-09-20 22:08:25,1,143.14977134131328,135.31792768873697,147.11338924677776,67.39639481015101,8.133864496336894,8.20953073020322,10.6439453460138,3.191215866633178,3.262505991720751
2025-09-20 22:08:25,2,144.60381564662828,136.06700411896347,148.62194134111965,67.39639481015101,8.133864496336894,8.20953073020322,10.6439453460138,3.191215866633178,3.262505991720751
2025-09-20 22:08:25,3,146.08719510425675,136.84695371574207,148.42628899769568,67.39639481015101,8.133864496336894,8.20953073020322,10.6439453460138,3.191215866633178,3.262505991720751
2025-09-20 22:08:25,4,145.9993448597625,139.87923344858805,148.90296052990027,67.39639481015101,8.133864496336894,8.20953073020322,10.6439453460138,3.191215866633178,3.262505991720751
2025-09-20 22:10:41,0,51.046540028696775,48.68077428741731,56.95549548961489,10.695089266644127,3.1256259089545337,3.27033473311894,27.757124663967875,5.213435085219439,5.268503076203703
2025-09-20 22:10:41,1,51.824164966339445,48.16176150542694,56.742723918896864,10.695089266644127,3.1256259089545337,3.27033473311894,27.757124663967875,5.213435085219439,5.268503076203703
2025-09-20 22:10:41,2,52.140890072834935,47.7853889614052,56.72933331786489,10.695089266644127,3.1256259089545337,3.27033473311894,27.757124663967875,5.213435085219439,5.268503076203703
2025-09-20 22:10:41,3,52.632514913199316,49.07678826098226,56.98354308413681,10.695089266644127,3.1256259089545337,3.27033473311894,27.757124663967875,5.213435085219439,5.268503076203703
2025-09-20 22:10:41,4,50.82671687434785,49.13798429541395,57.12690647100206,10.695089266644127,3.1256259089545337,3.27033473311894,27.757124663967875,5.213435085219439,5.268503076203703
2025-09-21 18:35:11,0,219.34870496195236,217.03249339917153,237.76045460142242,177.85706858396958,11.455094558455528,13.33630640709674,1010.7869587238707,29.982115449832957,31.792875911497386
2025-09-21 18:35:11,1,222.26782209103533,217.81694896320207,239.67828756111803,177.85706858396958,11.455094558455528,13.33630640709674,1010.7869587238707,29.982115449832957,31.792875911497386
2025-09-21 18:35:11,2,207.94333127799914,221.9784207471332,240.3276613643397,177.85706858396958,11.455094558455528,13.33630640709674,1010.7869587238707,29.982115449832957,31.792875911497386
2025-09-21 18:35:11,3,204.02915725148213,221.27188948348285,241.32458088329548,177.85706858396958,11.455094558455528,13.33630640709674,1010.7869587238707,29.982115449832957,31.792875911497386
2025-09-21 18:35:11,4,195.00073883217584,214.23130523270459,239.40934725363397,177.85706858396958,11.455094558455528,13.33630640709674,1010.7869587238707,29.982115449832957,31.792875911497386
2025-09-21 18:39:21,0,68.06007144171986,80.58625875743154,65.89619715032651,162.91850694967934,12.597660301954633,12.76395342163545,5.661604908620797,2.3565577192692104,2.379412723472075
2025-09-21 18:39:21,1,68.59079838821458,83.96176795706013,65.99953896055601,162.91850694967934,12.597660301954633,12.76395342163545,5.661604908620797,2.3565577192692104,2.379412723472075
2025-09-21 18:39:21,2,68.93198645653509,78.17115145462787,66.05264917736874,162.91850694967934,12.597660301954633,12.76395342163545,5.661604908620797,2.3565577192692104,2.379412723472075
2025-09-21 18:39:21,3,68.52447652151106,80.47684797782313,66.36033284022773,162.91850694967934,12.597660301954633,12.76395342163545,5.661604908620797,2.3565577192692104,2.379412723472075
2025-09-21 18:39:21,4,68.34439515268919,82.24400332350027,66.36022123584473,162.91850694967934,12.597660301954633,12.76395342163545,5.661604908620797,2.3565577192692104,2.379412723472075
2025-09-21 18:43:19,0,139.60398312100804,138.74045328727175,137.37792123579806,15.601937247616593,2.9638525364816415,3.949928764878753,8.402358054633154,2.727796239084762,2.898682123764721
2025-09-21 18:43:19,1,140.5889758077919,140.2578483243107,138.3776340840781,15.601937247616593,2.9638525364816415,3.949928764878753,8.402358054633154,2.727796239084762,2.898682123764721
2025-09-21 18:43:19,2,139.46199282727756,140.81704229553458,137.55361626277895,15.601937247616593,2.9638525364816415,3.949928764878753,8.402358054633154,2.727796239084762,2.898682123764721
2025-09-21 18:43:19,3,134.29341502473707,140.27457487758977,136.95789669064953,15.601937247616593,2.9638525364816415,3.949928764878753,8.402358054633154,2.727796239084762,2.898682123764721
2025-09-21 18:43:19,4,132.8376155532571,139.12601159733808,137.46633490934605,15.601937247616593,2.9638525364816415,3.949928764878753,8.402358054633154,2.727796239084762,2.898682123764721
2025-09-21 18:51:56,0,157.6010392997487,147.92547648612424,150.8312350411221,36.39371233144532,5.1999953815934985,6.032720143637141,35.23600085459852,5.461374594687061,5.935991985725598
2025-09-21 18:51:56,1,151.76578981962143,149.40420709537358,150.53583854793936,36.39371233144532,5.1999953815934985,6.032720143637141,35.23600085459852,5.461374594687061,5.935991985725598
2025-09-21 18:51:56,2,156.04564201042604,148.7477130553125,150.55460460177662,36.39371233144532,5.1999953815934985,6.032720143637141,35.23600085459852,5.461374594687061,5.935991985725598
2025-09-21 18:51:56,3,157.95770027073746,156.5363670343397,149.77619080756892,36.39371233144532,5.1999953815934985,6.032720143637141,35.23600085459852,5.461374594687061,5.935991985725598
2025-09-21 18:51:56,4,155.22335246719732,149.97978328861345,149.58878189588862,36.39371233144532,5.1999953815934985,6.032720143637141,35.23600085459852,5.461374594687061,5.935991985725598
2025-09-22 19:03:40,0,132.69258494620905,134.37303646944036,135.64533681044816,25.91957000052313,4.464094603503409,5.091126594431053,37.1893523962049,5.867999238580862,6.098307338614946
2025-09-22 19:03:40,1,129.42403625711844,135.10670283693895,135.9808829933404,25.91957000052313,4.464094603503409,5.091126594431053,37.1893523962049,5.867999238580862,6.098307338614946
2025-09-22 19:03:40,2,129.23585527396838,135.14024814263092,135.56391810299831,25.91957000052313,4.464094603503409,5.091126594431053,37.1893523962049,5.867999238580862,6.098307338614946
2025-09-22 19:03:40,3,130.0876585895315,131.5611642461392,135.6069822134583,25.91957000052313,4.464094603503409,5.091126594431053,37.1893523962049,5.867999238580862,6.098307338614946
2025-09-22 19:03:40,4,127.57188704788256,135.15134343707751,135.55489818736905,25.91957000052313,4.464094603503409,5.091126594431053,37.1893523962049,5.867999238580862,6.098307338614946
2025-09-22 19:16:37,0,132.69261716180907,108.5271521237694,134.2157190637434,204.5615526548634,12.41536053589859,14.302501622263966,20.97378036286988,4.288890096266778,4.5797140044843285
2025-09-22 19:16:37,1,129.42404848909172,123.80487381875916,134.29997811408012,204.5615526548634,12.41536053589859,14.302501622263966,20.97378036286988,4.288890096266778,4.5797140044843285
2025-09-22 19:16:37,2,129.23585420061562,121.3338825449938,134.14801648110134,204.5615526548634,12.41536053589859,14.302501622263966,20.97378036286988,4.288890096266778,4.5797140044843285
2025-09-22 19:16:37,3,130.08766417534682,113.0252763266393,133.86907093157336,204.5615526548634,12.41536053589859,14.302501622263966,20.97378036286988,4.288890096266778,4.5797140044843285
2025-09-22 19:16:37,4,127.57188596024434,120.24408249345296,133.92373587794324,204.5615526548634,12.41536053589859,14.302501622263966,20.97378036286988,4.288890096266778,4.5797140044843285
2025-09-22 19:37:28,0,173.2267981630888,176.74238823144069,175.34012846470094,60.42499580977776,7.473727500031231,7.773351645833203,11.23844324187933,3.05927959434232,3.352378743799592
2025-09-22 19:37:28,1,171.6867944077507,181.09364209622234,175.46888424179167,60.42499580977776,7.473727500031231,7.773351645833203,11.23844324187933,3.05927959434232,3.352378743799592
2025-09-22 19:37:28,2,172.53576414366503,180.08813355580997,175.60225406152443,60.42499580977776,7.473727500031231,7.773351645833203,11.23844324187933,3.05927959434232,3.352378743799592
2025-09-22 19:37:28,3,173.80921169242546,181.3792612129205,174.98201102661184,60.42499580977776,7.473727500031231,7.773351645833203,11.23844324187933,3.05927959434232,3.352378743799592
2025-09-22 19:37:28,4,169.74206715057224,179.0658479612649,174.90375573458496,60.42499580977776,7.473727500031231,7.773351645833203,11.23844324187933,3.05927959434232,3.352378743799592
2025-09-22 19:41:12,0,260.4179248982814,264.25984588994714,254.17680838499257,176.70145331505702,10.588680867435766,13.292909888924134,57.672017166429555,6.816438600876291,7.5942094497340245
2025-09-22 19:41:12,1,253.58463374268143,259.9430398111982,254.16146260767903,176.70145331505702,10.588680867435766,13.292909888924134,57.672017166429555,6.816438600876291,7.5942094497340245
2025-09-22 19:41:12,2,242.85368195136925,268.9607134063529,252.70745020722097,176.70145331505702,10.588680867435766,13.292909888924134,57.672017166429555,6.816438600876291,7.5942094497340245
2025-09-22 19:41:12,3,244.94632333089737,255.309032067327,253.19512344206544,176.70145331505702,10.588680867435766,13.292909888924134,57.672017166429555,6.816438600876291,7.5942094497340245
2025-09-22 19:41:12,4,242.0999318421264,248.37326892770943,251.26161110120165,176.70145331505702,10.588680867435766,13.292909888924134,57.672017166429555,6.816438600876291,7.5942094497340245
2025-09-22 19:42:56,0,117.61506062916115,111.5364872900082,106.14162838304694,72.13800689552855,7.35843992730274,8.49340961543293,227.739690368418,13.621321124592873,15.091046695588016
2025-09-22 19:42:56,1,115.7449898131061,107.89217680480981,104.69821530162149,72.13800689552855,7.35843992730274,8.49340961543293,227.739690368418,13.621321124592873,15.091046695588016
2025-09-22 19:42:56,2,116.00500919802994,112.80601420178068,110.73823269901845,72.13800689552855,7.35843992730274,8.49340961543293,227.739690368418,13.621321124592873,15.091046695588016
2025-09-22 19:42:56,3,120.6151762661799,116.19477496188127,105.16984642537192,72.13800689552855,7.35843992730274,8.49340961543293,227.739690368418,13.621321124592873,15.091046695588016
2025-09-22 19:42:56,4,123.25526900542465,108.01385201690809,98.38097647987858,72.13800689552855,7.35843992730274,8.49340961543293,227.739690368418,13.621321124592873,15.091046695588016
2025-09-22 20:04:09,0,117.6150609614767,110.02462522478528,86.88601141856128,56.063516542802084,6.073591072766339,7.487557448380753,841.7851515463933,28.86634752413965,29.01353393756771
2025-09-22 20:04:09,1,115.74500040644683,114.0893400007876,90.54383337976631,56.063516542802084,6.073591072766339,7.487557448380753,841.7851515463933,28.86634752413965,29.01353393756771
2025-09-22 20:04:09,2,116.0050095385348,108.5633745175417,89.69742743481852,56.063516542802084,6.073591072766339,7.487557448380753,841.7851515463933,28.86634752413965,29.01353393756771
2025-09-22 20:04:09,3,120.6151868347491,119.73365920520038,87.37334273254747,56.063516542802084,6.073591072766339,7.487557448380753,841.7851515463933,28.86634752413965,29.01353393756771
2025-09-22 20:04:09,4,123.25526930905207,110.45657273811283,94.40317446386766,56.063516542802084,6.073591072766339,7.487557448380753,841.7851515463933,28.86634752413965,29.01353393756771
2025-09-22 20:05:48,0,117.61506195842331,114.94097525527434,74.95821330571911,32.548104658900016,4.75852687271622,5.705094623132908,2101.6943371137195,45.69835061243757,45.8442399556773
2025-09-22 20:05:48,1,115.74500143192884,110.59102243930383,72.35995191961241,32.548104658900016,4.75852687271622,5.705094623132908,2101.6943371137195,45.69835061243757,45.8442399556773
2025-09-22 20:05:48,2,116.00501056004931,114.8773338616154,73.79212418749782,32.548104658900016,4.75852687271622,5.705094623132908,2101.6943371137195,45.69835061243757,45.8442399556773
2025-09-22 20:05:48,3,120.61518778591653,116.17062375504936,71.18580511205221,32.548104658900016,4.75852687271622,5.705094623132908,2101.6943371137195,45.69835061243757,45.8442399556773
2025-09-22 20:05:48,4,123.25527021993426,112.86294228142823,72.44768436918285,32.548104658900016,4.75852687271622,5.705094623132908,2101.6943371137195,45.69835061243757,45.8442399556773
2025-09-22 20:12:41,0,42.16793176451434,35.96051150484943,44.61262552945335,24.884601493993152,4.177878484250629,4.988446801760359,8.005144500169402,2.7829904992202357,2.8293364063273567
2025-09-22 20:12:41,1,40.94797933842973,38.631996437304004,44.40487586186126,24.884601493993152,4.177878484250629,4.988446801760359,8.005144500169402,2.7829904992202357,2.8293364063273567
2025-09-22 20:12:41,2,41.53998082127737,39.1846239250915,44.1139100017689,24.884601493993152,4.177878484250629,4.988446801760359,8.005144500169402,2.7829904992202357,2.8293364063273567
2025-09-22 20:12:41,3,42.150953139047324,40.672184710505924,44.287474116115575,24.884601493993152,4.177878484250629,4.988446801760359,8.005144500169402,2.7829904992202357,2.8293364063273567
2025-09-22 20:12:41,4,41.84048373863941,33.30861980290418,45.14339578881028,24.884601493993152,4.177878484250629,4.988446801760359,8.005144500169402,2.7829904992202357,2.8293364063273567
2025-09-22 20:35:45,0,42.16793171964661,49.94780589454051,43.43084031317488,49.7275011271814,6.753344358880885,7.051772906665486,5.338231176981248,2.198284363075858,2.3104612476692283
2025-09-22 20:35:45,1,40.9479792931732,51.01938627952756,44.393343833093105,49.7275011271814,6.753344358880885,7.051772906665486,5.338231176981248,2.198284363075858,2.3104612476692283
2025-09-22 20:35:45,2,41.53998349409416,46.7149744992809,43.580889289496604,49.7275011271814,6.753344358880885,7.051772906665486,5.338231176981248,2.198284363075858,2.3104612476692283
2025-09-22 20:35:45,3,42.15095309417418,46.46792965520506,44.44824510322966,49.7275011271814,6.753344358880885,7.051772906665486,5.338231176981248,2.198284363075858,2.3104612476692283
2025-09-22 20:35:45,4,41.840483693667316,48.26395676060586,43.7854345711405,49.7275011271814,6.753344358880885,7.051772906665486,5.338231176981248,2.198284363075858,2.3104612476692283
2025-09-22 20:42:13,0,42.16793185424982,43.69911196958632,44.5306759594338,8.226067761074642,2.6298262818735068,2.868112229511712,6.013699359437767,2.3753643308032024,2.4522845184516755
2025-09-22 20:42:13,1,40.94798486471214,45.78771120300946,44.374840606819454,8.226067761074642,2.6298262818735068,2.868112229511712,6.013699359437767,2.3753643308032024,2.4522845184516755
2025-09-22 20:42:13,2,41.53998634718242,43.64944262746819,43.913659066574716,8.226067761074642,2.6298262818735068,2.868112229511712,6.013699359437767,2.3753643308032024,2.4522845184516755
2025-09-22 20:42:13,3,42.1509613824476,44.57010703004665,43.68135331123339,8.226067761074642,2.6298262818735068,2.868112229511712,6.013699359437767,2.3753643308032024,2.4522845184516755
2025-09-22 20:42:13,4,41.84048382858361,44.090106856432506,44.02364098713024,8.226067761074642,2.6298262818735068,2.868112229511712,6.013699359437767,2.3753643308032024,2.4522845184516755
2025-09-22 21:05:38,0,42.08484063960264,46.0469375622531,44.62544311759141,12.149759218656053,2.755746966093484,3.485650472817958,7.527424671423654,2.7182108046519686,2.743615255720753
2025-09-22 21:05:38,1,40.86732887433016,47.13226228927511,44.310443003556735,12.149759218656053,2.755746966093484,3.485650472817958,7.527424671423654,2.7182108046519686,2.743615255720753
2025-09-22 21:05:38,2,41.45815623081665,43.663839218108656,43.84332832095553,12.149759218656053,2.755746966093484,3.485650472817958,7.527424671423654,2.7182108046519686,2.743615255720753
2025-09-22 21:05:38,3,42.06790278241091,42.86393586638294,44.71690809000367,12.149759218656053,2.755746966093484,3.485650472817958,7.527424671423654,2.7182108046519686,2.743615255720753
2025-09-22 21:05:38,4,41.75805034191942,42.3080387635274,44.331210360232284,12.149759218656053,2.755746966093484,3.485650472817958,7.527424671423654,2.7182108046519686,2.743615255720753
2025-09-22 21:10:02,0,260.4179248982814,257.8751963181985,252.55457624083118,305.65270643012866,15.419231322269445,17.482926140384183,67.7353260797875,7.297623240747964,8.230147391133862
2025-09-22 21:10:02,1,253.58463374268143,267.4192967959786,253.9913246418115,305.65270643012866,15.419231322269445,17.482926140384183,67.7353260797875,7.297623240747964,8.230147391133862
2025-09-22 21:10:02,2,242.85368195136925,268.935220511794,251.98953471203095,305.65270643012866,15.419231322269445,17.482926140384183,67.7353260797875,7.297623240747964,8.230147391133862
2025-09-22 21:10:02,3,244.94632333089737,257.2507177026295,252.12634009275547,305.65270643012866,15.419231322269445,17.482926140384183,67.7353260797875,7.297623240747964,8.230147391133862
2025-09-22 21:10:02,4,242.0999318421264,264.4327638879367,254.00213896676615,305.65270643012866,15.419231322269445,17.482926140384183,67.7353260797875,7.297623240747964,8.230147391133862
2025-09-22 23:26:21,0,260.4179248982814,272.2659213965418,253.60901462439153,500.853104797955,18.70021411254705,22.379747648218803,88.6038134119589,8.23080218321012,9.412959864567515
2025-09-22 23:26:21,1,253.58463374268143,255.37717065463767,253.28166584202387,500.853104797955,18.70021411254705,22.379747648218803,88.6038134119589,8.23080218321012,9.412959864567515
2025-09-22 23:26:21,2,242.85368195136925,269.9576329253087,255.38854098601672,500.853104797955,18.70021411254705,22.379747648218803,88.6038134119589,8.23080218321012,9.412959864567515
2025-09-22 23:26:21,3,244.94632333089737,260.49815662532285,253.67982204253934,500.853104797955,18.70021411254705,22.379747648218803,88.6038134119589,8.23080218321012,9.412959864567515
2025-09-22 23:26:21,4,242.0999318421264,279.30468472628013,254.87370683734014,500.853104797955,18.70021411254705,22.379747648218803,88.6038134119589,8.23080218321012,9.412959864567515
2025-09-22 23:32:15,0,260.4179248982814,256.30258774741515,255.42345818946927,162.37028851869806,9.107235109997635,12.742460065415079,102.89492069839748,9.124932794486403,10.143713358450025
2025-09-22 23:32:15,1,253.58463374268143,248.63336873304547,256.4203221077826,162.37028851869806,9.107235109997635,12.742460065415079,102.89492069839748,9.124932794486403,10.143713358450025
2025-09-22 23:32:15,2,242.85368195136925,242.67915153474894,255.75361480428018,162.37028851869806,9.107235109997635,12.742460065415079,102.89492069839748,9.124932794486403,10.143713358450025
2025-09-22 23:32:15,3,244.94632333089737,270.56729396966733,255.7795247036574,162.37028851869806,9.107235109997635,12.742460065415079,102.89492069839748,9.124932794486403,10.143713358450025
2025-09-22 23:32:15,4,242.0999318421264,252.7740041762221,256.16130651497417,162.37028851869806,9.107235109997635,12.742460065415079,102.89492069839748,9.124932794486403,10.143713358450025
2025-09-22 23:35:53,0,260.4179248982814,303.10504012866147,253.9713362108542,691.4856058042278,23.220538002852578,26.296113891680417,81.84796106259182,8.065885117667744,9.04698629724793
2025-09-22 23:35:53,1,253.58463374268143,278.6021706090461,254.5881141374452,691.4856058042278,23.220538002852578,26.296113891680417,81.84796106259182,8.065885117667744,9.04698629724793
2025-09-22 23:35:53,2,242.85368195136925,267.59357700970793,255.73696241186929,691.4856058042278,23.220538002852578,26.296113891680417,81.84796106259182,8.065885117667744,9.04698629724793
2025-09-22 23:35:53,3,244.94632333089737,225.45419760816853,254.322315266259,691.4856058042278,23.220538002852578,26.296113891680417,81.84796106259182,8.065885117667744,9.04698629724793
2025-09-22 23:35:53,4,242.0999318421264,246.26594897857706,252.7200159524125,691.4856058042278,23.220538002852578,26.296113891680417,81.84796106259182,8.065885117667744,9.04698629724793
2025-09-22 23:38:21,0,260.4179248982814,261.02969876705276,256.0273367670141,1528.9389389767143,22.724013145731607,39.10164880125536,88.0461533416217,7.998652820828852,9.383291178558924
2025-09-22 23:38:21,1,253.58463374268143,241.72276488413218,253.85474166365674,1528.9389389767143,22.724013145731607,39.10164880125536,88.0461533416217,7.998652820828852,9.383291178558924
2025-09-22 23:38:21,2,242.85368195136925,258.28380543949277,255.85711540018292,1528.9389389767143,22.724013145731607,39.10164880125536,88.0461533416217,7.998652820828852,9.383291178558924
2025-09-22 23:38:21,3,244.94632333089737,245.42590667226676,254.99372082404767,1528.9389389767143,22.724013145731607,39.10164880125536,88.0461533416217,7.998652820828852,9.383291178558924
2025-09-22 23:38:21,4,242.0999318421264,156.8632156702819,254.3816689520641,1528.9389389767143,22.724013145731607,39.10164880125536,88.0461533416217,7.998652820828852,9.383291178558924
2025-09-22 23:39:52,0,260.4179248982814,193.67672073374337,176.35756541870836,3805.5016708532958,60.42085395573956,61.68874833268459,5593.009695279287,74.39776847268827,74.78642721295948
2025-09-22 23:39:52,1,253.58463374268143,309.8724167226484,180.0450695261566,3805.5016708532958,60.42085395573956,61.68874833268459,5593.009695279287,74.39776847268827,74.78642721295948
2025-09-22 23:39:52,2,242.85368195136925,323.5164251730175,169.74448060749347,3805.5016708532958,60.42085395573956,61.68874833268459,5593.009695279287,74.39776847268827,74.78642721295948
2025-09-22 23:39:52,3,244.94632333089737,201.02273321360718,165.1987110831751,3805.5016708532958,60.42085395573956,61.68874833268459,5593.009695279287,74.39776847268827,74.78642721295948
2025-09-22 23:39:52,4,242.0999318421264,187.61098254687207,180.56782676638093,3805.5016708532958,60.42085395573956,61.68874833268459,5593.009695279287,74.39776847268827,74.78642721295948
2025-09-22 23:43:30,0,260.4179248982814,264.0365259095854,249.78243941003933,58.10149448014424,6.2303633490408625,7.622433632386985,70.0329785543997,7.718008578111096,8.36857087885379
2025-09-22 23:43:30,1,253.58463374268143,256.90641072431754,251.8967928404404,58.10149448014424,6.2303633490408625,7.622433632386985,70.0329785543997,7.718008578111096,8.36857087885379
2025-09-22 23:43:30,2,242.85368195136925,254.23307623514222,251.0541095036142,58.10149448014424,6.2303633490408625,7.622433632386985,70.0329785543997,7.718008578111096,8.36857087885379
2025-09-22 23:43:30,3,244.94632333089737,243.75321694509074,252.6083142617498,58.10149448014424,6.2303633490408625,7.622433632386985,70.0329785543997,7.718008578111096,8.36857087885379
2025-09-22 23:43:30,4,242.0999318421264,253.738869924811,252.50422985910143,58.10149448014424,6.2303633490408625,7.622433632386985,70.0329785543997,7.718008578111096,8.36857087885379
2025-09-22 23:49:45,0,260.4179248982814,231.79161443416407,267.89001183487875,290.6883427203426,15.640502418957254,17.049584825453746,411.26269929520777,19.01950636182511,20.279612898061142
2025-09-22 23:49:45,1,253.58463374268143,238.6365678245159,267.8808933295185,290.6883427203426,15.640502418957254,17.049584825453746,411.26269929520777,19.01950636182511,20.279612898061142
2025-09-22 23:49:45,2,242.85368195136925,229.5630711843511,267.45782804118977,290.6883427203426,15.640502418957254,17.049584825453746,411.26269929520777,19.01950636182511,20.279612898061142
2025-09-22 23:49:45,3,244.94632333089737,257.38229662296465,267.9542861775398,290.6883427203426,15.640502418957254,17.049584825453746,411.26269929520777,19.01950636182511,20.279612898061142
2025-09-22 23:49:45,4,242.0999318421264,251.0014834955444,267.81700819135455,290.6883427203426,15.640502418957254,17.049584825453746,411.26269929520777,19.01950636182511,20.279612898061142
2025-09-22 23:53:42,0,260.4179248982814,244.80170605990998,253.87642591420848,196.56382908412724,11.530377828319786,14.020122292053205,63.229669012203395,7.1694248394732085,7.951708559309967
2025-09-22 23:53:42,1,253.58463374268143,250.6589557377905,254.54635805497247,196.56382908412724,11.530377828319786,14.020122292053205,63.229669012203395,7.1694248394732085,7.951708559309967
2025-09-22 23:53:42,2,242.85368195136925,238.0346630697777,252.71017463870055,196.56382908412724,11.530377828319786,14.020122292053205,63.229669012203395,7.1694248394732085,7.951708559309967
2025-09-22 23:53:42,3,244.94632333089737,235.5220700378975,252.70853441974856,196.56382908412724,11.530377828319786,14.020122292053205,63.229669012203395,7.1694248394732085,7.951708559309967
2025-09-22 23:53:42,4,242.0999318421264,266.96665196587156,252.825128966946,196.56382908412724,11.530377828319786,14.020122292053205,63.229669012203395,7.1694248394732085,7.951708559309967
2025-09-22 23:57:48,0,260.4179248982814,271.19538662699495,251.88069645445393,506.95604805670234,21.593743825978958,22.515684490077184,67.04546556098092,7.485581212517627,8.188129552039397
2025-09-22 23:57:48,1,253.58463374268143,272.54878966495716,252.4942773441046,506.95604805670234,21.593743825978958,22.515684490077184,67.04546556098092,7.485581212517627,8.188129552039397
2025-09-22 23:57:48,2,242.85368195136925,271.0041482173213,252.28485752435296,506.95604805670234,21.593743825978958,22.515684490077184,67.04546556098092,7.485581212517627,8.188129552039397
2025-09-22 23:57:48,3,244.94632333089737,267.4643333163553,252.80908818160196,506.95604805670234,21.593743825978958,22.515684490077184,67.04546556098092,7.485581212517627,8.188129552039397
2025-09-22 23:57:48,4,242.0999318421264,269.65855706962196,252.60631263862194,506.95604805670234,21.593743825978958,22.515684490077184,67.04546556098092,7.485581212517627,8.188129552039397
2025-09-23 00:02:18,0,42.06123051027954,35.843558397605925,45.41321124581732,35.88521552564207,5.1618244765132655,5.990426990260549,14.53768528070527,3.7823452685292294,3.8128316617319036
2025-09-23 00:02:18,1,40.84433027021872,34.10683553825875,45.56233614111693,35.88521552564207,5.1618244765132655,5.990426990260549,14.53768528070527,3.7823452685292294,3.8128316617319036
2025-09-23 00:02:18,2,41.43485322305885,41.21428329380975,45.08514897842759,35.88521552564207,5.1618244765132655,5.990426990260549,14.53768528070527,3.7823452685292294,3.8128316617319036
2025-09-23 00:02:18,3,42.044295370988664,38.513543054324785,45.7106565425584,35.88521552564207,5.1618244765132655,5.990426990260549,14.53768528070527,3.7823452685292294,3.8128316617319036
2025-09-23 00:02:18,4,41.734600568103474,32.631967276083714,45.25968337737516,35.88521552564207,5.1618244765132655,5.990426990260549,14.53768528070527,3.7823452685292294,3.8128316617319036
2025-09-23 00:08:28,0,42.06123028577082,43.75443981447529,45.10905799009355,6.528246128273288,1.9035672784827298,2.5550432732682413,8.88295902542573,2.940557688976021,2.980429335754453
2025-09-23 00:08:28,1,40.8443327616555,42.05507971278473,44.56767167308462,6.528246128273288,1.9035672784827298,2.5550432732682413,8.88295902542573,2.940557688976021,2.980429335754453
2025-09-23 00:08:28,2,41.43485027966732,40.011472340030025,43.64661861211949,6.528246128273288,1.9035672784827298,2.5550432732682413,8.88295902542573,2.940557688976021,2.980429335754453
2025-09-23 00:08:28,3,42.04430058222228,41.98002804577727,44.82674315678196,6.528246128273288,1.9035672784827298,2.5550432732682413,8.88295902542573,2.940557688976021,2.980429335754453
2025-09-23 00:08:28,4,41.7345976251896,36.60836818869196,44.672008547306014,6.528246128273288,1.9035672784827298,2.5550432732682413,8.88295902542573,2.940557688976021,2.980429335754453
2025-09-23 00:11:34,0,42.061230330672565,40.07796815166092,43.361142923435516,9.84109924905717,2.973108705450136,3.1370526372786878,4.370658689478708,1.979922985919157,2.0906120370548686
2025-09-23 00:11:34,1,40.84433008906041,43.509376352756966,43.60859001436221,9.84109924905717,2.973108705450136,3.1370526372786878,4.370658689478708,1.979922985919157,2.0906120370548686
2025-09-23 00:11:34,2,41.43485304265336,36.55825044221297,44.25934672777587,9.84109924905717,2.973108705450136,3.1370526372786878,4.370658689478708,1.979922985919157,2.0906120370548686
2025-09-23 00:11:34,3,42.04430062712942,39.12172935618927,43.626316058110554,9.84109924905717,2.973108705450136,3.1370526372786878,4.370658689478708,1.979922985919157,2.0906120370548686
2025-09-23 00:11:34,4,41.73459767019544,39.31653645703349,43.16353096562283,9.84109924905717,2.973108705450136,3.1370526372786878,4.370658689478708,1.979922985919157,2.0906120370548686
2025-09-23 00:15:07,0,42.061230330672565,43.25964623871641,44.98763925475173,7.026531416034979,2.340330799058138,2.650760535400167,11.547860594477578,3.3663279093507628,3.3982143243882628
2025-09-23 00:15:07,1,40.84433008906041,43.642115121635406,45.02883423253363,7.026531416034979,2.340330799058138,2.650760535400167,11.547860594477578,3.3663279093507628,3.3982143243882628
2025-09-23 00:15:07,2,41.434858478422676,40.03111182013356,45.00327524519702,7.026531416034979,2.340330799058138,2.650760535400167,11.547860594477578,3.3663279093507628,3.3982143243882628
2025-09-23 00:15:07,3,42.04429519136009,43.773424283183026,45.064310780992244,7.026531416034979,2.340330799058138,2.650760535400167,11.547860594477578,3.3663279093507628,3.3982143243882628
2025-09-23 00:15:07,4,41.734600388080096,46.307177692639904,44.866894510875035,7.026531416034979,2.340330799058138,2.650760535400167,11.547860594477578,3.3663279093507628,3.3982143243882628
2025-09-23 00:19:53,0,173.2267981630888,162.76917634155743,177.6362425840044,36.61818895601144,4.699426418301601,6.0512964690231,33.30897154248454,5.569609462191619,5.771392513292138
2025-09-23 00:19:53,1,171.68678029752857,170.56213915152966,177.69527975346716,36.61818895601144,4.699426418301601,6.0512964690231,33.30897154248454,5.569609462191619,5.771392513292138
2025-09-23 00:19:53,2,172.5357500334429,165.5873122394087,177.6320377378046,36.61818895601144,4.699426418301601,6.0512964690231,33.30897154248454,5.569609462191619,5.771392513292138
2025-09-23 00:19:53,3,173.80923991286977,178.726666441297,177.85884544859437,36.61818895601144,4.699426418301601,6.0512964690231,33.30897154248454,5.569609462191619,5.771392513292138
2025-09-23 00:19:53,4,169.74208126079438,169.79108606231068,178.02629145481197,36.61818895601144,4.699426418301601,6.0512964690231,33.30897154248454,5.569609462191619,5.771392513292138
2025-09-23 00:23:18,0,173.22681092670246,179.6301286111253,173.05009450170303,52.11091987347711,6.992983877390424,7.218789363423559,4.012665598875111,1.501544957911466,2.003163897157472
2025-09-23 00:23:18,1,171.68679303646874,178.45478941812172,170.61390816811553,52.11091987347711,6.992983877390424,7.218789363423559,4.012665598875111,1.501544957911466,2.003163897157472
2025-09-23 00:23:18,2,172.5357486757625,178.36462509715827,170.2820921787921,52.11091987347711,6.992983877390424,7.218789363423559,4.012665598875111,1.501544957911466,2.003163897157472
2025-09-23 00:23:18,3,173.80922446537028,179.30821799790775,173.5076043519251,52.11091987347711,6.992983877390424,7.218789363423559,4.012665598875111,1.501544957911466,2.003163897157472
2025-09-23 00:23:18,4,169.74206574813275,180.20780111507582,173.44491263392186,52.11091987347711,6.992983877390424,7.218789363423559,4.012665598875111,1.501544957911466,2.003163897157472
2025-09-23 00:32:36,0,173.22678472617108,180.3537026630497,173.71480086543542,50.39757787147139,7.002352896763358,7.099125148317318,4.715832696849481,1.8566399474865078,2.171596808076831
2025-09-23 00:32:36,1,171.68678098316963,180.1871597123836,173.74918747653203,50.39757787147139,7.002352896763358,7.099125148317318,4.715832696849481,1.8566399474865078,2.171596808076831
2025-09-23 00:32:36,2,172.5357789327271,180.55948614119202,175.68883503819953,50.39757787147139,7.002352896763358,7.099125148317318,4.715832696849481,1.8566399474865078,2.171596808076831
2025-09-23 00:32:36,3,173.80925469173033,179.6018253717515,174.42896153323701,50.39757787147139,7.002352896763358,7.099125148317318,4.715832696849481,1.8566399474865078,2.171596808076831
2025-09-23 00:32:36,4,169.74206785179194,175.3102577810301,172.70208200961864,50.39757787147139,7.002352896763358,7.099125148317318,4.715832696849481,1.8566399474865078,2.171596808076831
2025-09-23 00:35:18,0,173.22681092670246,168.01099544696868,174.63433382885367,14.45186656768791,3.430364381544166,3.801561069835379,6.669672860540681,2.26204361314891,2.582570978800134
2025-09-23 00:35:18,1,171.68680714669114,168.68045494745553,174.31555568500292,14.45186656768791,3.430364381544166,3.801561069835379,6.669672860540681,2.26204361314891,2.582570978800134
2025-09-23 00:35:18,2,172.53577689620727,168.76103842742774,174.0838093927488,14.45186656768791,3.430364381544166,3.801561069835379,6.669672860540681,2.26204361314891,2.582570978800134
2025-09-23 00:35:18,3,173.8092103551479,169.17247840160195,174.98879672508576,14.45186656768791,3.430364381544166,3.801561069835379,6.669672860540681,2.26204361314891,2.582570978800134
2025-09-23 00:35:18,4,169.74206574813275,169.2238819417068,174.2883935069349,14.45186656768791,3.430364381544166,3.801561069835379,6.669672860540681,2.26204361314891,2.582570978800134
2025-09-23 00:39:37,0,173.22681160000667,173.1619892389444,170.27661810944895,2.4034388609554123,1.14404553266005,1.5503028287903664,3.474062611766935,1.5773563480412691,1.863883744166179
2025-09-23 00:39:37,1,171.6867937221097,171.46056452861572,171.3003570650761,2.4034388609554123,1.14404553266005,1.5503028287903664,3.474062611766935,1.5773563480412691,1.863883744166179
2025-09-23 00:39:37,2,172.5357775750472,171.41772589383447,172.03997258527662,2.4034388609554123,1.14404553266005,1.5503028287903664,3.474062611766935,1.5773563480412691,1.863883744166179
2025-09-23 00:39:37,3,173.8092392442312,172.4959585278296,171.61981249704166,2.4034388609554123,1.14404553266005,1.5503028287903664,3.474062611766935,1.5773563480412691,1.863883744166179
2025-09-23 00:39:37,4,169.74205233913023,172.73989605025986,171.6069721947851,2.4034388609554123,1.14404553266005,1.5503028287903664,3.474062611766935,1.5773563480412691,1.863883744166179
2025-09-23 00:41:33,0,173.22679681648006,180.81039227173704,173.87246648204606,114.1395103056348,10.243719484037376,10.683609423113277,2.9381824966528667,1.4733301572544235,1.7141127432735768
2025-09-23 00:41:33,1,171.68677892624638,185.75515037968552,171.93092810396635,114.1395103056348,10.243719484037376,10.683609423113277,2.9381824966528667,1.4733301572544235,1.7141127432735768
2025-09-23 00:41:33,2,172.5357627859849,181.2867251586047,175.08426648966145,114.1395103056348,10.243719484037376,10.683609423113277,2.9381824966528667,1.4733301572544235,1.7141127432735768
2025-09-23 00:41:33,3,173.80922446537028,180.89725480066522,171.80227109636937,114.1395103056348,10.243719484037376,10.683609423113277,2.9381824966528667,1.4733301572544235,1.7141127432735768
2025-09-23 00:41:33,4,169.74205163791038,183.4696894414864,171.66342650821906,114.1395103056348,10.243719484037376,10.683609423113277,2.9381824966528667,1.4733301572544235,1.7141127432735768
2025-09-23 00:44:20,0,132.6926038580986,114.7270603640552,135.59122294973696,183.78216810145747,12.034018987534008,13.556628198097691,35.527827857396176,5.708827044898629,5.960522448359386
2025-09-23 00:44:20,1,129.42404848909172,129.84851002387003,135.75917564271495,183.78216810145747,12.034018987534008,13.556628198097691,35.527827857396176,5.708827044898629,5.960522448359386
2025-09-23 00:44:20,2,129.23584089690513,118.16298306277886,135.42063612208358,183.78216810145747,12.034018987534008,13.556628198097691,35.527827857396176,5.708827044898629,5.960522448359386
2025-09-23 00:44:20,3,130.0876774790573,113.76074535320681,135.1157084259846,183.78216810145747,12.034018987534008,13.556628198097691,35.527827857396176,5.708827044898629,5.960522448359386
2025-09-23 00:44:20,4,127.5718793083891,113.19157935951753,135.66944211551493,183.78216810145747,12.034018987534008,13.556628198097691,35.527827857396176,5.708827044898629,5.960522448359386
2025-09-23 00:48:52,0,132.69260490177462,126.39232687184749,135.31171301370406,167.50352405687963,12.247270709557819,12.94231525102366,30.237832690038942,5.2686471309538145,5.498893769663035
2025-09-23 00:48:52,1,129.42404956082882,117.52304250323539,135.15430351263433,167.50352405687963,12.247270709557819,12.94231525102366,30.237832690038942,5.2686471309538145,5.498893769663035
2025-09-23 00:48:52,2,129.23586857767876,117.08241031214929,134.96916907915846,167.50352405687963,12.247270709557819,12.94231525102366,30.237832690038942,5.2686471309538145,5.498893769663035
2025-09-23 00:48:52,3,130.0876585895315,110.66899752925589,134.9022580678645,167.50352405687963,12.247270709557819,12.94231525102366,30.237832690038942,5.2686471309538145,5.498893769663035
2025-09-23 00:48:52,4,127.571867092317,116.10891795785354,135.0178407035384,167.50352405687963,12.247270709557819,12.94231525102366,30.237832690038942,5.2686471309538145,5.498893769663035
2025-09-23 00:51:04,0,132.69260281442257,119.96586749506437,134.66558300694913,98.0840366735363,8.947917432749659,9.903738520050714,23.25416724327319,4.588463088289541,4.822257484132633
2025-09-23 00:51:04,1,129.42404741735461,121.99304035270396,134.5584548773744,98.0840366735363,8.947917432749659,9.903738520050714,23.25416724327319,4.588463088289541,4.822257484132633
2025-09-23 00:51:04,2,129.23585312726283,114.12293766797524,134.23503502092905,98.0840366735363,8.947917432749659,9.903738520050714,23.25416724327319,4.588463088289541,4.822257484132633
2025-09-23 00:51:04,3,130.08766310930696,125.35266630065719,134.42907629182778,98.0840366735363,8.947917432749659,9.903738520050714,23.25416724327319,4.588463088289541,4.822257484132633
2025-09-23 00:51:04,4,127.57187822075082,122.83794570894874,134.06621093346513,98.0840366735363,8.947917432749659,9.903738520050714,23.25416724327319,4.588463088289541,4.822257484132633
2025-09-23 00:56:57,0,132.69261716180907,132.46762481014022,133.58454447549826,9.415651831694081,2.739736868466906,3.0684934139890347,16.32840899462685,3.6789242832717832,4.040842609484667
2025-09-23 00:56:57,1,129.42404848909172,133.4569419364117,133.53954467479343,9.415651831694081,2.739736868466906,3.0684934139890347,16.32840899462685,3.6789242832717832,4.040842609484667
2025-09-23 00:56:57,2,129.23584089690513,133.10203885188767,133.54120763860368,9.415651831694081,2.739736868466906,3.0684934139890347,16.32840899462685,3.6789242832717832,4.040842609484667
2025-09-23 00:56:57,3,130.0876774790573,132.50226102037968,133.1910273713007,9.415651831694081,2.739736868466906,3.0684934139890347,16.32840899462685,3.6789242832717832,4.040842609484667
2025-09-23 00:56:57,4,127.57188596024434,130.73190300728513,133.55036724327041,9.415651831694081,2.739736868466906,3.0684934139890347,16.32840899462685,3.6789242832717832,4.040842609484667
2025-09-23 01:11:59,0,326.98864378045846,339.0860662988254,334.95273255122186,188.3893487456681,13.662882574662444,13.725499945199376,108.92249150372565,10.17812268998864,10.43659386503689
2025-09-23 01:11:59,1,325.719124681717,338.1400305799912,333.8699391305177,188.3893487456681,13.662882574662444,13.725499945199376,108.92249150372565,10.17812268998864,10.43659386503689
2025-09-23 01:11:59,2,323.1392315832028,337.27176387397196,333.84032163632617,188.3893487456681,13.662882574662444,13.725499945199376,108.92249150372565,10.17812268998864,10.43659386503689
2025-09-23 01:11:59,3,323.68185979019484,337.611256710199,333.43411246962813,188.3893487456681,13.662882574662444,13.725499945199376,108.92249150372565,10.17812268998864,10.43659386503689
2025-09-23 01:11:59,4,318.1533942865717,333.88754953246945,332.47576178439414,188.3893487456681,13.662882574662444,13.725499945199376,108.92249150372565,10.17812268998864,10.43659386503689
2025-09-23 01:19:36,0,326.9885805294353,335.89941319530385,332.9308905227392,168.97495445996216,12.450160192756755,12.999036674306376,84.46237747573744,8.789998214662546,9.190341532050779
2025-09-23 01:19:36,1,325.71909220874943,339.08902030379136,332.64502936307565,168.97495445996216,12.450160192756755,12.999036674306376,84.46237747573744,8.789998214662546,9.190341532050779
2025-09-23 01:19:36,2,323.1391990912127,336.1283176349483,332.5344409639899,168.97495445996216,12.450160192756755,12.999036674306376,84.46237747573744,8.789998214662546,9.190341532050779
2025-09-23 01:19:36,3,323.68179651478954,331.97540306014804,331.73135121172015,168.97495445996216,12.450160192756755,12.999036674306376,84.46237747573744,8.789998214662546,9.190341532050779
2025-09-23 01:19:36,4,318.1533925452354,336.8407076590146,331.7903399012102,168.97495445996216,12.450160192756755,12.999036674306376,84.46237747573744,8.789998214662546,9.190341532050779
2025-09-23 01:26:38,0,502.8170239421786,448.7822768191161,437.31184011215583,6233.07414006683,77.9786252829872,78.94982039287252,5785.9725276999025,75.80547706823286,76.06558044016954
2025-09-23 01:26:38,1,507.081173388923,423.07570827151653,434.99225463302093,6233.07414006683,77.9786252829872,78.94982039287252,5785.9725276999025,75.80547706823286,76.06558044016954
2025-09-23 01:26:38,2,509.32215859559057,420.8886318298667,431.1719365720535,6233.07414006683,77.9786252829872,78.94982039287252,5785.9725276999025,75.80547706823286,76.06558044016954
2025-09-23 01:26:38,3,514.6964406802613,435.7491632497889,434.46649793387326,6233.07414006683,77.9786252829872,78.94982039287252,5785.9725276999025,75.80547706823286,76.06558044016954
2025-09-23 01:26:38,4,513.1298230286754,428.65771305040465,430.0767050433611,6233.07414006683,77.9786252829872,78.94982039287252,5785.9725276999025,75.80547706823286,76.06558044016954
2025-09-23 01:31:08,0,424.3544934147695,418.0826657518373,401.363128469458,493.47860241126665,20.039196570013928,22.214378280997796,1157.1049080466605,33.45598301362558,34.01624476697363
2025-09-23 01:31:08,1,426.98004425121104,416.3389280844548,396.7904275081249,493.47860241126665,20.039196570013928,22.214378280997796,1157.1049080466605,33.45598301362558,34.01624476697363
2025-09-23 01:31:08,2,435.1551499712354,406.4225169029119,399.10197748878704,493.47860241126665,20.039196570013928,22.214378280997796,1157.1049080466605,33.45598301362558,34.01624476697363
2025-09-23 01:31:08,3,435.68019856369176,409.23753349741474,396.88870093999543,493.47860241126665,20.039196570013928,22.214378280997796,1157.1049080466605,33.45598301362558,34.01624476697363
2025-09-23 01:31:08,4,434.99037572080584,406.88263483502516,395.7361124472203,493.47860241126665,20.039196570013928,22.214378280997796,1157.1049080466605,33.45598301362558,34.01624476697363
2025-09-23 01:36:24,0,421.86132651380905,407.2385967698572,396.7835903786408,95.12608553800256,9.028539182156738,9.753260251731344,351.46728414190994,17.955553779816192,18.747460738508295
2025-09-23 01:36:24,1,414.0812232263276,403.84760914682874,396.73916413669826,95.12608553800256,9.028539182156738,9.753260251731344,351.46728414190994,17.955553779816192,18.747460738508295
2025-09-23 01:36:24,2,408.7882813770473,405.2210973696552,398.0420876010131,95.12608553800256,9.028539182156738,9.753260251731344,351.46728414190994,17.955553779816192,18.747460738508295
2025-09-23 01:36:24,3,410.6793984327075,403.83461685708534,396.95633857236174,95.12608553800256,9.028539182156738,9.753260251731344,351.46728414190994,17.955553779816192,18.747460738508295
2025-09-23 01:36:24,4,417.4728265976851,407.59844009336643,394.58410655978173,95.12608553800256,9.028539182156738,9.753260251731344,351.46728414190994,17.955553779816192,18.747460738508295
2025-09-23 01:41:28,0,343.14156153262434,328.4171491986752,325.1524462765041,222.58180598263357,14.133366384679551,14.919175780941572,363.80079564520275,18.392125392720732,19.073562741271036
2025-09-23 01:41:28,1,339.2042298385309,328.0079840709565,323.6481986956012,222.58180598263357,14.133366384679551,14.919175780941572,363.80079564520275,18.392125392720732,19.073562741271036
2025-09-23 01:41:28,2,336.8339188506556,325.9339133060035,322.62528587630453,222.58180598263357,14.133366384679551,14.919175780941572,363.80079564520275,18.392125392720732,19.073562741271036
2025-09-23 01:41:28,3,349.6475595064991,326.4334850783302,321.44505103922285,222.58180598263357,14.133366384679551,14.919175780941572,363.80079564520275,18.392125392720732,19.073562741271036
2025-09-23 01:41:28,4,335.7925188177475,325.1604249686943,319.7881796948211,222.58180598263357,14.133366384679551,14.919175780941572,363.80079564520275,18.392125392720732,19.073562741271036
2025-09-23 01:44:02,0,168.7683835291316,196.5210132982622,160.31879559795075,3731.032410879364,56.55020689215699,61.082177522411264,308.6394861828065,15.868859817524088,17.568138381251625
2025-09-23 01:44:02,1,166.8939329707001,252.1486915510165,159.79824848326342,3731.032410879364,56.55020689215699,61.082177522411264,308.6394861828065,15.868859817524088,17.568138381251625
2025-09-23 01:44:02,2,192.4419694667489,265.5233704894045,164.6799848895277,3731.032410879364,56.55020689215699,61.082177522411264,308.6394861828065,15.868859817524088,17.568138381251625
2025-09-23 01:44:02,3,181.7605856481723,212.71508961351637,162.90804801559563,3731.032410879364,56.55020689215699,61.082177522411264,308.6394861828065,15.868859817524088,17.568138381251625
2025-09-23 01:44:02,4,178.49767584671994,244.20541697005825,161.3131713875149,3731.032410879364,56.55020689215699,61.082177522411264,308.6394861828065,15.868859817524088,17.568138381251625
2025-09-23 01:49:14,0,181.7308393044667,186.67757286174378,197.28189418989803,17.360780849993876,3.6565901502513896,4.16662703514412,155.15677366029408,12.117070247286302,12.45619418844673
2025-09-23 01:49:14,1,189.34762691301512,187.4161439956004,198.3591010365377,17.360780849993876,3.6565901502513896,4.16662703514412,155.15677366029408,12.117070247286302,12.45619418844673
2025-09-23 01:49:14,2,190.00219937630496,188.314177771976,198.5342847607067,17.360780849993876,3.6565901502513896,4.16662703514412,155.15677366029408,12.117070247286302,12.45619418844673
2025-09-23 01:49:14,3,185.73758840064693,188.5287684514746,200.5015605916924,17.360780849993876,3.6565901502513896,4.16662703514412,155.15677366029408,12.117070247286302,12.45619418844673
2025-09-23 01:49:14,4,187.2946704920288,194.22020311343735,200.0214351440592,17.360780849993876,3.6565901502513896,4.16662703514412,155.15677366029408,12.117070247286302,12.45619418844673
2025-09-23 01:54:39,0,325.775646077297,317.11367759215454,296.42962699727093,227.57089272748354,12.498590735583615,15.08545301697909,859.5026549754521,27.84310035447745,29.31727570862361
2025-09-23 01:54:39,1,327.5112479313943,313.6520371944597,295.58035498431553,227.57089272748354,12.498590735583615,15.08545301697909,859.5026549754521,27.84310035447745,29.31727570862361
2025-09-23 01:54:39,2,308.60808591387564,311.79022188202276,294.7961913236578,227.57089272748354,12.498590735583615,15.08545301697909,859.5026549754521,27.84310035447745,29.31727570862361
2025-09-23 01:54:39,3,318.06959163731057,309.2633672853566,295.2219254428237,227.57089272748354,12.498590735583615,15.08545301697909,859.5026549754521,27.84310035447745,29.31727570862361
2025-09-23 01:54:39,4,335.9412783365967,307.95786420085676,294.66224937601896,227.57089272748354,12.498590735583615,15.08545301697909,859.5026549754521,27.84310035447745,29.31727570862361
2025-09-23 02:04:42,0,166.40984850794516,89.5696938805968,107.95716202791851,6728.159586744847,81.46688686795065,82.0253594124698,3366.516191680554,57.84172557776169,58.02168725296218
2025-09-23 02:04:42,1,167.69513616253684,100.4120424298809,114.18859751246156,6728.159586744847,81.46688686795065,82.0253594124698,3366.516191680554,57.84172557776169,58.02168725296218
2025-09-23 02:04:42,2,170.136198832015,79.25979524304975,108.08219559370797,6728.159586744847,81.46688686795065,82.0253594124698,3366.516191680554,57.84172557776169,58.02168725296218
2025-09-23 02:04:42,3,176.68226751606355,97.62875459585302,124.88221254174167,6728.159586744847,81.46688686795065,82.0253594124698,3366.516191680554,57.84172557776169,58.02168725296218
2025-09-23 02:04:42,4,176.53279473143272,83.25152526085958,113.13745018535509,6728.159586744847,81.46688686795065,82.0253594124698,3366.516191680554,57.84172557776169,58.02168725296218
2025-09-23 02:08:16,0,48.68873508252107,46.355099522020275,47.29444938161992,4.728938781072879,1.9056877702725843,2.174612328915864,3.3682242236813615,1.765986868139774,1.835272247837187
2025-09-23 02:08:16,1,49.87088988589445,47.79218647050973,47.41018234611098,4.728938781072879,1.9056877702725843,2.174612328915864,3.3682242236813615,1.765986868139774,1.835272247837187
2025-09-23 02:08:16,2,49.39981524549595,45.93207980025328,47.47011170281165,4.728938781072879,1.9056877702725843,2.174612328915864,3.3682242236813615,1.765986868139774,1.835272247837187
2025-09-23 02:08:16,3,47.91292034277083,47.58577400230161,46.880972152885846,4.728938781072879,1.9056877702725843,2.174612328915864,3.3682242236813615,1.765986868139774,1.835272247837187
2025-09-23 02:08:16,4,48.78833468368446,47.467116593918945,46.7750453162395,4.728938781072879,1.9056877702725843,2.174612328915864,3.3682242236813615,1.765986868139774,1.835272247837187
2025-09-24 12:54:39,0,346.7119289866113,298.2058451206709,332.06541315272113,1290.6045030342493,34.704970240291765,35.924984384606894,78.16802152733042,7.102876430536332,8.841268094981082
2025-09-24 12:54:39,1,343.12173990359435,300.9339184423288,331.18998103749755,1290.6045030342493,34.704970240291765,35.924984384606894,78.16802152733042,7.102876430536332,8.841268094981082
2025-09-24 12:54:39,2,331.11136172908687,301.60382278277154,328.55962584492863,1290.6045030342493,34.704970240291765,35.924984384606894,78.16802152733042,7.102876430536332,8.841268094981082
2025-09-24 12:54:39,3,326.63848464700783,303.71725880257236,327.95166062016443,1290.6045030342493,34.704970240291765,35.924984384606894,78.16802152733042,7.102876430536332,8.841268094981082
2025-09-24 12:54:39,4,331.3295664503441,300.92738536684203,326.25837085496426,1290.6045030342493,34.704970240291765,35.924984384606894,78.16802152733042,7.102876430536332,8.841268094981082
2025-09-24 12:59:17,0,176.1967544606102,209.24000776051156,196.11319648612272,7379.21606338711,73.13297895861541,85.90236354948047,473.0105379795813,20.91537150769252,21.74880543799087
2025-09-24 12:59:17,1,178.33897771303452,301.50162880196615,190.22522745329388,7379.21606338711,73.13297895861541,85.90236354948047,473.0105379795813,20.91537150769252,21.74880543799087
2025-09-24 12:59:17,2,174.3322147166937,283.25277514468576,195.7301219598692,7379.21606338711,73.13297895861541,85.90236354948047,473.0105379795813,20.91537150769252,21.74880543799087
2025-09-24 12:59:17,3,173.76692298500248,267.14941127757305,194.48138713130098,7379.21606338711,73.13297895861541,85.90236354948047,473.0105379795813,20.91537150769252,21.74880543799087
2025-09-24 12:59:17,4,165.24761184820142,158.09167016452,195.90940623141816,7379.21606338711,73.13297895861541,85.90236354948047,473.0105379795813,20.91537150769252,21.74880543799087
2025-09-24 13:01:17,0,128.8541943579078,49.832034879553554,58.965377564854435,7556.591370050655,86.66566705188293,86.92865678273566,4917.191573332632,70.03530751477793,70.12268943311167
2025-09-24 13:01:17,1,125.95561385393202,31.586027175446777,57.1655128063134,7556.591370050655,86.66566705188293,86.92865678273566,4917.191573332632,70.03530751477793,70.12268943311167
2025-09-24 13:01:17,2,127.78841393878567,32.63101034114886,51.45721575521258,7556.591370050655,86.66566705188293,86.92865678273566,4917.191573332632,70.03530751477793,70.12268943311167
2025-09-24 13:01:17,3,125.10894929611726,41.76677466168201,55.5256662250278,7556.591370050655,86.66566705188293,86.92865678273566,4917.191573332632,70.03530751477793,70.12268943311167
2025-09-24 13:01:17,4,117.1203796297033,35.683368759200185,51.53724115114826,7556.591370050655,86.66566705188293,86.92865678273566,4917.191573332632,70.03530751477793,70.12268943311167
